,id,choices_finish_reason,choices_index,choices_logprobs,choices_message,created,model,object,system_fingerprint,usage
0,chatcmpl-96ZbIUqdpoQpOyDUdiuibTfrTAYS9,stop,0,,"Based on the relations between the given concepts, the following hyperedges should be included:

1. Hyperedge 1: {fly, insect, bug, flea} - This hyperedge includes all the related concepts that are types or subcategories of insects.

2. Hyperedge 2: {meadow, hayfield} - This hyperedge includes concepts that are related to open grassy areas.

3. Hyperedge 3: {wiretap, investigation, tap} - This hyperedge includes concepts related to surveillance or monitoring activities.

4. Hyperedge 4: {dog} - This hyperedge includes the concept of a dog, which is not directly related to any other concept in the given list.

5. Hyperedge 5: {wood} - This hyperedge includes the concept of wood, which is not directly related to any other concept in the given list.

Note: The hyperedges are formed based on the relationships between the concepts provided in the question. The specific relationships between the concepts are not mentioned, so the hyperedges are formed based on general associations and categorizations.",1711353844,gpt-3.5-turbo-0613,chat.completion,,"CompletionUsage(completion_tokens=220, prompt_tokens=73, total_tokens=293)"
